"","SIDBStoreId","DeletedTime","appSizeFreedBytes","CapacityFreedBytes","NumAFids","Day"
"1",10,2015-01-30,231.672551443913,10.1465892411716,51038,"0"
"2",11,2015-01-30,322.496737345723,21.8031649169588,71146,"0"
"3",12,2015-01-30,238.864924228649,21.5404836139551,55893,"0"
"4",13,2015-01-30,286.033892695151,20.4696339355469,71529,"0"
"5",17,2015-01-30,291.974528939185,16.9095538080719,55752,"0"
"6",20,2015-01-30,754.256223287241,90.5306780125202,114146,"0"
"7",21,2015-01-30,213.94428188677,23.6804346137078,57444,"0"
"8",24,2015-01-30,413.416882805423,19.2210465779317,119272,"0"
"9",25,2015-01-30,311.251531019217,18.0235591731953,97728,"0"
"10",26,2015-01-30,375.544468463976,27.8453880812367,69286,"0"
"11",27,2015-01-30,449.262480132116,25.5369539120875,84984,"0"
"12",28,2015-01-30,470.865225249026,28.9662646476518,79843,"0"
"13",29,2015-01-30,520.781366209133,42.1777328131502,137804,"0"
"14",7,2015-01-30,275.418234235585,17.3188798215569,56065,"0"
"15",9,2015-01-30,358.883865460309,31.3183629471005,68080,"0"
"16",10,2015-01-30,201.446307523883,9.07852007636575,44686,"1"
"17",11,2015-01-30,292.601967066657,20.0860478302911,65477,"1"
"18",12,2015-01-30,219.168292287443,20.3572517154207,51814,"1"
"19",13,2015-01-30,259.812804156187,19.3173193327602,66167,"1"
"20",17,2015-01-30,262.525811126648,15.4315777930597,50671,"1"
"21",20,2015-01-30,716.861244071665,86.9182159221336,108931,"1"
"22",21,2015-01-30,191.811077819371,21.8189367213454,51503,"1"
"23",24,2015-01-30,374.221352657267,17.7763106650045,107322,"1"
"24",25,2015-01-30,287.499703519227,16.8972991567753,90922,"1"
"25",26,2015-01-30,359.173285748177,26.4504282050866,66631,"1"
"26",27,2015-01-30,408.725068341885,23.5654103517327,78073,"1"
"27",28,2015-01-30,441.576709170029,27.6662579040103,75143,"1"
"28",29,2015-01-30,469.723329120496,37.7222691297084,124405,"1"
"29",7,2015-01-30,255.273459428835,16.0839503963416,52600,"1"
"30",9,2015-01-30,330.198795749356,28.5601369355145,63108,"1"
"31",10,2015-01-30,139.585009801503,6.36007453634102,31281,"2"
"32",10,2015-01-31,2.6798761876571,0.0891430633946584,668,"2"
"33",10,2015-02-01,3.68287303831858,0.201749080942136,1142,"2"
"34",11,2015-01-30,225.904416797683,15.4957428977968,51778,"2"
"35",11,2015-01-31,1.92082793101508,0.0894707152438059,594,"2"
"36",11,2015-02-01,2.1737578039174,0.233806141062814,685,"2"
"37",12,2015-01-30,192.877929308264,17.6843951499341,45730,"2"
"38",12,2015-01-31,2.46697813098308,0.379622551592547,660,"2"
"39",12,2015-02-01,2.75037285663529,0.329287252997347,785,"2"
"40",13,2015-01-30,217.702424664551,16.1186475588511,55767,"2"
"41",13,2015-01-31,7.90891844277485,0.132756014418192,1623,"2"
"42",13,2015-02-01,4.10858913755237,0.237766030354578,1097,"2"
"43",17,2015-01-30,196.12187389502,11.9795745770043,37975,"2"
"44",17,2015-01-31,2.46164379553193,0.119581986275989,580,"2"
"45",17,2015-02-01,5.52219371979754,0.249139891615414,829,"2"
"46",20,2015-01-30,710.661482998205,86.1455834467433,107740,"2"
"47",20,2015-01-31,6.25330617843974,0.629521995958385,1420,"2"
"48",20,2015-02-01,9.6157577485601,0.344121871596144,1577,"2"
"49",21,2015-01-30,141.809579949744,16.251043177228,38295,"2"
"50",21,2015-01-31,0.958779069115735,0.243840389768593,376,"2"
"51",21,2015-02-01,3.31947642323212,0.445295594209711,701,"2"
"52",24,2015-01-30,289.823146139876,13.3912007499757,82852,"2"
"53",24,2015-01-31,10.174925078848,0.600340993654754,3685,"2"
"54",24,2015-02-01,2.53567309530808,0.0454498871968099,856,"2"
"55",25,2015-01-30,240.896644358482,14.2828555125107,76489,"2"
"56",25,2015-01-31,2.93396413489791,0.0862997068188633,1094,"2"
"57",25,2015-02-01,2.81844565676602,0.0876373040237013,623,"2"
"58",26,2015-01-30,336.9860898588,25.0063515805978,62777,"2"
"59",26,2015-01-31,4.28197477606136,1.16408199117632,968,"2"
"60",26,2015-02-01,4.46979620890215,0.221024420957292,985,"2"
"61",27,2015-01-30,323.298597135269,18.5831986794874,62188,"2"
"62",27,2015-01-31,6.99030998563831,0.383656956291816,1038,"2"
"63",27,2015-02-01,5.16045173405109,0.236942825626102,1075,"2"
"64",28,2015-01-30,377.737788298598,23.8926168934149,64066,"2"
"65",28,2015-01-31,8.61869215296247,0.759674973521214,1338,"2"
"66",28,2015-02-01,1.80247907494231,0.0823259440967377,431,"2"
"67",29,2015-01-30,358.431129797438,28.9190528304771,95161,"2"
"68",29,2015-01-31,16.8732601743932,0.624246064762701,5280,"2"
"69",29,2015-02-01,5.1977270650832,0.394476494600895,1114,"2"
"70",7,2015-01-30,215.313308081958,13.5866210346767,44578,"2"
"71",7,2015-01-31,3.02655888868139,0.217632271102957,790,"2"
"72",7,2015-02-01,4.84145907060974,0.182390754573134,1071,"2"
"73",9,2015-01-30,261.691265556084,22.956382961419,50234,"2"
"74",9,2015-01-31,6.12556923569628,0.521917546928307,1319,"2"
"75",9,2015-02-01,9.7075104779251,1.94652150499587,1462,"2"
"76",10,2015-01-30,110.739337042087,5.16270502397492,24990,"3"
"77",10,2015-01-31,2.6798761876571,0.0891430633946584,668,"3"
"78",10,2015-02-01,3.68287303831858,0.201749080942136,1142,"3"
"79",10,2015-02-02,5.27177235977069,0.494734509278715,1035,"3"
"80",11,2015-01-30,197.629897348399,13.4871043518178,45134,"3"
"81",11,2015-01-31,1.92082793101508,0.0894707152438059,594,"3"
"82",11,2015-02-01,2.1737578039174,0.233806141062814,685,"3"
"83",11,2015-02-02,12.8902405711751,0.819356382205115,2585,"3"
"84",12,2015-01-30,181.785052521957,16.7521650316512,43201,"3"
"85",12,2015-01-31,2.46697813098308,0.379622551592547,660,"3"
"86",12,2015-02-01,2.75037285663529,0.329287252997347,785,"3"
"87",12,2015-02-02,2.68258472820344,0.166747590327759,891,"3"
"88",13,2015-01-30,196.275926668246,14.531697547498,50196,"3"
"89",13,2015-01-31,7.90891844277485,0.132756014418192,1623,"3"
"90",13,2015-02-01,4.10858913755237,0.237766030354578,1097,"3"
"91",13,2015-02-02,4.5997607514937,0.816681273697213,1258,"3"
"92",17,2015-01-30,161.826910048782,10.0837390997822,31474,"3"
"93",17,2015-01-31,2.46164379553193,0.119581986275989,580,"3"
"94",17,2015-02-01,5.52219371979754,0.249139891615414,829,"3"
"95",17,2015-02-02,1.80227374552487,0.0693664568179884,381,"3"
"96",20,2015-01-30,709.699589513487,86.0639040985789,107547,"3"
"97",20,2015-01-31,6.25330617843974,0.629521995958385,1420,"3"
"98",20,2015-02-01,9.6157577485601,0.344121871596144,1577,"3"
"99",20,2015-02-02,9.68184208673119,2.0562028649083,1741,"3"
"100",21,2015-01-30,117.800763290226,13.6666151938452,32093,"3"
"101",21,2015-01-31,0.958779069115735,0.243840389768593,376,"3"
"102",21,2015-02-01,3.31947642323212,0.445295594209711,701,"3"
"103",21,2015-02-02,2.34878611351451,0.292132042056437,659,"3"
"104",24,2015-01-30,247.366380123847,11.455755280128,70504,"3"
"105",24,2015-01-31,10.174925078848,0.600340993654754,3685,"3"
"106",24,2015-02-01,2.53567309530808,0.0454498871968099,856,"3"
"107",24,2015-02-02,5.42592010501994,0.156392998960655,1802,"3"
"108",25,2015-01-30,222.032380594074,13.1938681228403,70780,"3"
"109",25,2015-01-31,2.93396413489791,0.0862997068188633,1094,"3"
"110",25,2015-02-01,2.81844565676602,0.0876373040237013,623,"3"
"111",25,2015-02-02,9.9719485210826,1.02028459578742,2344,"3"
"112",26,2015-01-30,324.573619448742,24.0240904952643,60292,"3"
"113",26,2015-01-31,4.28197477606136,1.16408199117632,968,"3"
"114",26,2015-02-01,4.46979620890215,0.221024420957292,985,"3"
"115",26,2015-02-02,7.87470243055486,0.385250641626953,1451,"3"
"116",27,2015-01-30,281.922046649074,16.1233152956793,54113,"3"
"117",27,2015-01-31,6.99030998563831,0.383656956291816,1038,"3"
"118",27,2015-02-01,5.16045173405109,0.236942825626102,1075,"3"
"119",27,2015-02-02,12.4686917816216,0.437588818794211,2120,"3"
"120",28,2015-01-30,342.451154590121,21.9918305830561,58048,"3"
"121",28,2015-01-31,8.61869215296247,0.759674973521214,1338,"3"
"122",28,2015-02-01,1.80247907494231,0.0823259440967377,431,"3"
"123",28,2015-02-02,8.78685718625093,0.633413443257268,1606,"3"
"124",29,2015-01-30,300.285849932193,24.5253595097265,79875,"3"
"125",29,2015-01-31,16.8732601743932,0.624246064762701,5280,"3"
"126",29,2015-02-01,5.1977270650832,0.394476494600895,1114,"3"
"127",29,2015-02-02,5.98974490353521,0.210399459318069,2064,"3"
"128",7,2015-01-30,196.953570935062,12.2829213653959,41027,"3"
"129",7,2015-01-31,3.02655888868139,0.217632271102957,790,"3"
"130",7,2015-02-01,4.84145907060974,0.182390754573134,1071,"3"
"131",7,2015-02-02,9.20495289065275,1.29809972035309,1555,"3"
"132",9,2015-01-30,228.269551455738,19.8035886703547,43697,"3"
"133",9,2015-01-31,6.12556923569628,0.521917546928307,1319,"3"
"134",9,2015-02-01,9.7075104779251,1.94652150499587,1462,"3"
"135",9,2015-02-02,11.0068550861397,0.82355207974706,1928,"3"
"136",10,2015-01-30,77.3941512517995,3.7220140725467,17659,"4"
"137",10,2015-01-31,2.6798761876571,0.0891430633946584,668,"4"
"138",10,2015-02-01,3.68287303831858,0.201749080942136,1142,"4"
"139",10,2015-02-02,5.27177235977069,0.494734509278715,1035,"4"
"140",10,2015-02-03,1.92190176170607,0.0673790003729664,480,"4"
"141",11,2015-01-30,162.514496203617,11.0158712203738,37287,"4"
"142",11,2015-01-31,1.92082793101508,0.0894707152438059,594,"4"
"143",11,2015-02-01,2.1737578039174,0.233806141062814,685,"4"
"144",11,2015-02-02,12.8902405711751,0.819356382205115,2585,"4"
"145",11,2015-02-03,5.75820241242764,0.477159291078351,858,"4"
"146",12,2015-01-30,169.186484791682,15.6944045779546,40297,"4"
"147",12,2015-01-31,2.46697813098308,0.379622551592547,660,"4"
"148",12,2015-02-01,2.75037285663529,0.329287252997347,785,"4"
"149",12,2015-02-02,2.68258472820344,0.166747590327759,891,"4"
"150",12,2015-02-03,2.23918069007505,0.0852310616173781,620,"4"
"151",13,2015-01-30,167.991792967168,12.4279707810274,42986,"4"
"152",13,2015-01-31,7.90891844277485,0.132756014418192,1623,"4"
"153",13,2015-02-01,4.10858913755237,0.237766030354578,1097,"4"
"154",13,2015-02-02,4.5997607514937,0.816681273697213,1258,"4"
"155",13,2015-02-03,1.61348610641835,0.133083648126558,338,"4"
"156",17,2015-01-30,122.741675544161,7.91573758248705,24017,"4"
"157",17,2015-01-31,2.46164379553193,0.119581986275989,579,"4"
"158",17,2015-02-01,5.52219371979754,0.249139891615414,829,"4"
"159",17,2015-02-02,1.80227374552487,0.0693664568179884,380,"4"
"160",17,2015-02-03,8.58083405436173,0.376558232293064,1210,"4"
"161",20,2015-01-30,705.745920413254,85.7229161966443,106780,"4"
"162",20,2015-01-31,6.25330617843974,0.629521995958385,1420,"4"
"163",20,2015-02-01,9.6157577485601,0.344121871596144,1577,"4"
"164",20,2015-02-02,9.68184208673119,2.0562028649083,1741,"4"
"165",20,2015-02-03,9.89402962310123,1.64529736593795,1416,"4"
"166",21,2015-01-30,91.1529535193085,10.7276662371924,25001,"4"
"167",21,2015-01-31,0.958779069115735,0.243840389768593,376,"4"
"168",21,2015-02-01,3.31947642323212,0.445295594209711,701,"4"
"169",21,2015-02-02,2.34878611351451,0.292132042056437,659,"4"
"170",21,2015-02-03,12.0558636535734,0.771490967081263,3207,"4"
"171",24,2015-01-30,199.521539764876,9.18393734563688,56786,"4"
"172",24,2015-01-31,10.174925078848,0.600340993654754,3685,"4"
"173",24,2015-02-01,2.53567309530808,0.0454498871968099,856,"4"
"174",24,2015-02-02,5.42592010501994,0.156392998960655,1802,"4"
"175",24,2015-02-03,1.21807603676007,0.162907240362983,540,"4"
"176",25,2015-01-30,197.349858999562,11.6532913035171,63093,"4"
"177",25,2015-01-31,2.93396413489791,0.0862997068188633,1094,"4"
"178",25,2015-02-01,2.81844565676602,0.0876373040237013,623,"4"
"179",25,2015-02-02,9.9719485210826,1.02028459578742,2344,"4"
"180",25,2015-02-03,3.42944812696805,0.128397030828637,1057,"4"
"181",26,2015-01-30,308.923863241136,22.9368944441248,57488,"4"
"182",26,2015-01-31,4.28197477606136,1.16408199117632,968,"4"
"183",26,2015-02-01,4.46979620890215,0.221024420957292,985,"4"
"184",26,2015-02-02,7.87470243055486,0.385250641626953,1451,"4"
"185",26,2015-02-03,0.844673278287701,0.0535668383981829,278,"4"
"186",27,2015-01-30,233.421327932315,13.4276336711891,44809,"4"
"187",27,2015-01-31,6.99030998563831,0.383656956291816,1038,"4"
"188",27,2015-02-01,5.16045173405109,0.236942825626102,1075,"4"
"189",27,2015-02-02,12.4686917816216,0.437588818794211,2120,"4"
"190",27,2015-02-03,6.1861474472189,0.2909027860469,1215,"4"
"191",28,2015-01-30,293.073055328112,18.4291021406025,50079,"4"
"192",28,2015-01-31,8.61869215296247,0.759674973521214,1338,"4"
"193",28,2015-02-01,1.80247907494231,0.0823259440967377,431,"4"
"194",28,2015-02-02,8.78685522404794,0.633412928278631,1605,"4"
"195",28,2015-02-03,9.42165890162687,0.411647986599746,1698,"4"
"196",29,2015-01-30,233.141161874613,19.7391142962024,62283,"4"
"197",29,2015-01-31,16.8732601743932,0.624246064762701,5280,"4"
"198",29,2015-02-01,5.1977270650832,0.394476494600895,1114,"4"
"199",29,2015-02-02,5.98974490353521,0.210399459318069,2064,"4"
"200",29,2015-02-03,10.4954674720839,1.60438150226855,2450,"4"
"201",7,2015-01-30,180.489441367398,11.4111109741834,37700,"4"
"202",7,2015-01-31,3.02655888868139,0.217632271102957,790,"4"
"203",7,2015-02-01,4.84145907060974,0.182390754573134,1071,"4"
"204",7,2015-02-02,9.20495289065275,1.29809972035309,1555,"4"
"205",7,2015-02-03,1.74654701071904,0.0351993768899774,294,"4"
"206",9,2015-01-30,188.239173297336,16.1654075212127,36046,"4"
"207",9,2015-01-31,6.12556923569628,0.521917546928307,1319,"4"
"208",9,2015-02-01,9.7075104779251,1.94652150499587,1462,"4"
"209",9,2015-02-02,11.0068550861397,0.82355207974706,1928,"4"
"210",9,2015-02-03,6.74839948309091,0.338587975513292,1000,"4"
"211",10,2015-01-30,67.2696010985674,3.23279028368506,15524,"5"
"212",10,2015-01-31,2.6798761876571,0.0891430633946584,668,"5"
"213",10,2015-02-01,3.68287303831858,0.201749080942136,1142,"5"
"214",10,2015-02-02,5.27177235977069,0.494734509278715,1035,"5"
"215",10,2015-02-03,1.92190176170607,0.0673790003729664,480,"5"
"216",10,2015-02-04,5.87651233865381,0.259310739229477,1058,"5"
"217",11,2015-01-30,150.150860705747,10.0523697034723,34718,"5"
"218",11,2015-01-31,1.92082793101508,0.0894707152438059,594,"5"
"219",11,2015-02-01,2.1737578039174,0.233806141062814,685,"5"
"220",11,2015-02-02,12.8902405711751,0.819356382205115,2585,"5"
"221",11,2015-02-03,5.75820241242764,0.477159291078351,858,"5"
"222",11,2015-02-04,7.41119838674877,0.62944636424254,1607,"5"
"223",12,2015-01-30,166.068924102046,15.4175595355837,39637,"5"
"224",12,2015-01-31,2.46697813098308,0.379622551592547,660,"5"
"225",12,2015-02-01,2.75037285663529,0.329287252997347,785,"5"
"226",12,2015-02-02,2.68258472820344,0.166747590327759,891,"5"
"227",12,2015-02-03,2.23918069007505,0.0852310616173781,620,"5"
"228",12,2015-02-04,7.82195567362942,0.249018843998783,1994,"5"
"229",13,2015-01-30,158.00828212381,11.7586430984502,40772,"5"
"230",13,2015-01-31,7.90891844277485,0.132756014418192,1623,"5"
"231",13,2015-02-01,4.10858913755237,0.237766030354578,1097,"5"
"232",13,2015-02-02,4.5997607514937,0.816681273697213,1258,"5"
"233",13,2015-02-03,1.61348610641835,0.133083648126558,338,"5"
"234",13,2015-02-04,6.21217285056628,0.4135717457184,1521,"5"
"235",17,2015-01-30,112.21473855929,7.27382375885281,21937,"5"
"236",17,2015-01-31,2.46164379553193,0.119581986275989,579,"5"
"237",17,2015-02-01,5.52219371979754,0.249139891615414,829,"5"
"238",17,2015-02-02,1.80227374552487,0.0693664568179884,380,"5"
"239",17,2015-02-03,8.58083405436173,0.376558232293064,1208,"5"
"240",17,2015-02-04,10.8686016180036,0.477041076159367,2091,"5"
"241",20,2015-01-30,705.745920413254,85.7229161966443,106780,"5"
"242",20,2015-01-31,6.25330617843974,0.629521995958385,1420,"5"
"243",20,2015-02-01,9.6157577485601,0.344121871596144,1577,"5"
"244",20,2015-02-02,9.68184208673119,2.0562028649083,1741,"5"
"245",20,2015-02-03,9.89402962310123,1.64529736593795,1416,"5"
"246",20,2015-02-04,31.3633517950184,3.75213039105711,3726,"5"
"247",21,2015-01-30,84.6616035179322,9.89142103011545,23131,"5"
"248",21,2015-01-31,0.958779069115735,0.243840389768593,376,"5"
"249",21,2015-02-01,3.31947642323212,0.445295594209711,701,"5"
"250",21,2015-02-02,2.34878611351451,0.292132042056437,659,"5"
"251",21,2015-02-03,12.0558636535734,0.771490967081263,3207,"5"
"252",21,2015-02-04,6.59286712511584,0.836757790643787,1466,"5"
"253",24,2015-01-30,187.91437169915,8.57570929919257,53551,"5"
"254",24,2015-01-31,10.174925078848,0.600340993654754,3685,"5"
"255",24,2015-02-01,2.53567309530808,0.0454498871968099,856,"5"
"256",24,2015-02-02,5.42592010501994,0.156392998960655,1802,"5"
"257",24,2015-02-03,1.21807603676007,0.162907240362983,540,"5"
"258",24,2015-02-04,10.2369942875948,0.461766180437735,1437,"5"
"259",25,2015-01-30,188.422522278007,11.2334747646155,60396,"5"
"260",25,2015-01-31,2.93396413489791,0.0862997068188633,1094,"5"
"261",25,2015-02-01,2.81844565676602,0.0876373040237013,623,"5"
"262",25,2015-02-02,9.9719485210826,1.02028459578742,2344,"5"
"263",25,2015-02-03,3.42944812696805,0.128397030828637,1057,"5"
"264",25,2015-02-04,5.29138165025688,0.177026036338248,1633,"5"
"265",26,2015-01-30,305.988566171216,22.6946809425099,56886,"5"
"266",26,2015-01-31,4.28197477606136,1.16408199117632,968,"5"
"267",26,2015-02-01,4.46979620890215,0.221024420957292,985,"5"
"268",26,2015-02-02,7.87470243055486,0.385250641626953,1451,"5"
"269",26,2015-02-03,0.844673278287701,0.0535668383981829,278,"5"
"270",26,2015-02-04,8.10914143933587,0.278349615115985,1526,"5"
"271",27,2015-01-30,217.932769871508,12.5685310069121,41881,"5"
"272",27,2015-01-31,6.99030998563831,0.383656956291816,1038,"5"
"273",27,2015-02-01,5.16045173405109,0.236942825626102,1075,"5"
"274",27,2015-02-02,12.4686917816216,0.437588818794211,2120,"5"
"275",27,2015-02-03,6.1861474472189,0.2909027860469,1215,"5"
"276",27,2015-02-04,12.5631974548942,1.10446004925052,2318,"5"
"277",28,2015-01-30,285.585027148348,18.1199491290545,48760,"5"
"278",28,2015-01-31,8.61869215296247,0.759674973521214,1338,"5"
"279",28,2015-02-01,1.80247907494231,0.0823259440967377,431,"5"
"280",28,2015-02-02,8.78685522404794,0.633412928278631,1605,"5"
"281",28,2015-02-03,9.42165890162687,0.411647986599746,1698,"5"
"282",28,2015-02-04,11.1237339183654,0.885796028571349,2088,"5"
"283",29,2015-01-30,213.115135179006,18.3343011873985,57108,"5"
"284",29,2015-01-31,16.8732601743932,0.624246064762701,5280,"5"
"285",29,2015-02-01,5.1977270650832,0.394476494600895,1114,"5"
"286",29,2015-02-02,5.98974490353521,0.210399459318069,2064,"5"
"287",29,2015-02-03,10.4954674720839,1.60438150226855,2450,"5"
"288",29,2015-02-04,2.26237084180684,0.118461074423067,985,"5"
"289",7,2015-01-30,169.632059330079,10.4008180162818,35424,"5"
"290",7,2015-01-31,3.02655888868139,0.217632271102957,790,"5"
"291",7,2015-02-01,4.84145907060974,0.182390754573134,1071,"5"
"292",7,2015-02-02,9.20495289065275,1.29809972035309,1555,"5"
"293",7,2015-02-03,1.74654701071904,0.0351993768899774,294,"5"
"294",7,2015-02-04,4.30196647656521,0.289191813042635,807,"5"
"295",9,2015-01-30,175.51919808086,15.0604725556477,33834,"5"
"296",9,2015-01-31,6.12556923569628,0.521917546928307,1319,"5"
"297",9,2015-02-01,9.7075104779251,1.94652150499587,1462,"5"
"298",9,2015-02-02,11.0068550861397,0.82355207974706,1928,"5"
"299",9,2015-02-03,6.74839948309091,0.338587975513292,1000,"5"
"300",9,2015-02-04,2.46851262213295,0.152647694038933,505,"5"
"301",10,2015-01-30,36.361699252202,1.9046547702319,8515,"6"
"302",10,2015-01-31,2.6798761876571,0.0891430633946584,668,"6"
"303",10,2015-02-01,3.68287303831858,0.201749080942136,1142,"6"
"304",10,2015-02-02,5.27177235977069,0.494734509278715,1035,"6"
"305",10,2015-02-03,1.92190176170607,0.0673790003729664,480,"6"
"306",10,2015-02-04,5.87651233865381,0.259310739229477,1058,"6"
"307",10,2015-02-05,2.6203334672673,0.128233539502617,656,"6"
"308",11,2015-01-30,119.837272195964,7.79310694293144,27669,"6"
"309",11,2015-01-31,1.92082793101508,0.0894707152438059,594,"6"
"310",11,2015-02-01,2.1737578039174,0.233806141062814,685,"6"
"311",11,2015-02-02,12.8902405711751,0.819356382205115,2585,"6"
"312",11,2015-02-03,5.75820241242764,0.477159291078351,858,"6"
"313",11,2015-02-04,7.41119838674877,0.62944636424254,1607,"6"
"314",11,2015-02-05,4.49530197740569,0.235498192920204,902,"6"
"315",12,2015-01-30,152.616968800986,14.1290063685619,36506,"6"
"316",12,2015-01-31,2.46697813098308,0.379622551592547,660,"6"
"317",12,2015-02-01,2.75037285663529,0.329287252997347,785,"6"
"318",12,2015-02-02,2.68258472820344,0.166747590327759,891,"6"
"319",12,2015-02-03,2.23918069007505,0.0852310616173781,620,"6"
"320",12,2015-02-04,7.82195567362942,0.249018843998783,1994,"6"
"321",12,2015-02-05,8.27655787579624,1.57247651693251,1371,"6"
"322",13,2015-01-30,126.682550587141,9.39020719907876,32987,"6"
"323",13,2015-01-31,7.90891844277485,0.132756014418192,1623,"6"
"324",13,2015-02-01,4.10858913755237,0.237766030354578,1097,"6"
"325",13,2015-02-02,4.5997607514937,0.816681273697213,1258,"6"
"326",13,2015-02-03,1.61348610641835,0.133083648126558,338,"6"
"327",13,2015-02-04,6.21217285056628,0.4135717457184,1521,"6"
"328",13,2015-02-05,6.00110499690254,0.157316808783435,1358,"6"
"329",17,2015-01-30,74.2905626595584,5.54097053681835,14802,"6"
"330",17,2015-01-31,2.46164379553193,0.119581986275989,579,"6"
"331",17,2015-02-01,5.52219371979754,0.249139891615414,829,"6"
"332",17,2015-02-02,1.80227374552487,0.0693664568179884,380,"6"
"333",17,2015-02-03,8.58083405436173,0.376558232293064,1208,"6"
"334",17,2015-02-04,10.8686016180036,0.477041076159367,2088,"6"
"335",17,2015-02-05,6.08375044481909,0.6465667262637,1304,"6"
"336",20,2015-01-30,705.745920413254,85.7229161966443,106780,"6"
"337",20,2015-01-31,6.25330617843974,0.629521995958385,1420,"6"
"338",20,2015-02-01,9.6157577485601,0.344121871596144,1577,"6"
"339",20,2015-02-02,9.68184208673119,2.0562028649083,1741,"6"
"340",20,2015-02-03,9.89402962310123,1.64529736593795,1416,"6"
"341",20,2015-02-04,31.3633517950184,3.75213039105711,3726,"6"
"342",20,2015-02-05,16.6039691726692,0.609369958322532,2202,"6"
"343",21,2015-01-30,57.9264746689696,7.10004611820477,16072,"6"
"344",21,2015-01-31,0.958779069115735,0.243840389768593,376,"6"
"345",21,2015-02-01,3.31947642323212,0.445295594209711,701,"6"
"346",21,2015-02-02,2.34878611351451,0.292132042056437,659,"6"
"347",21,2015-02-03,12.0558636535734,0.771490967081263,3207,"6"
"348",21,2015-02-04,6.59286712511584,0.836757790643787,1466,"6"
"349",21,2015-02-05,0.843214088065906,0.260426057942823,367,"6"
"350",24,2015-01-30,141.575522679995,6.48810253206466,40310,"6"
"351",24,2015-01-31,10.174925078848,0.600340993654754,3685,"6"
"352",24,2015-02-01,2.53567309530808,0.0454498871968099,856,"6"
"353",24,2015-02-02,5.42592010501994,0.156392998960655,1802,"6"
"354",24,2015-02-03,1.21807603676007,0.162907240362983,540,"6"
"355",24,2015-02-04,10.2369942875948,0.461766180437735,1437,"6"
"356",24,2015-02-05,9.48752301576133,0.609967480810155,2764,"6"
"357",25,2015-01-30,160.958178867952,9.53548815534305,51724,"6"
"358",25,2015-01-31,2.93396413489791,0.0862997068188633,1094,"6"
"359",25,2015-02-01,2.81844565676602,0.0876373040237013,623,"6"
"360",25,2015-02-02,9.9719485210826,1.02028459578742,2344,"6"
"361",25,2015-02-03,3.42944812696805,0.128397030828637,1057,"6"
"362",25,2015-02-04,5.29138165025688,0.177026036338248,1633,"6"
"363",25,2015-02-05,6.63305065152417,0.478408957470492,2243,"6"
"364",26,2015-01-30,274.345651874618,20.1151772455032,50770,"6"
"365",26,2015-01-31,4.28197477606136,1.16408199117632,968,"6"
"366",26,2015-02-01,4.46979620890215,0.221024420957292,985,"6"
"367",26,2015-02-02,7.87470243055486,0.385250641626953,1451,"6"
"368",26,2015-02-03,0.844673278287701,0.0535668383981829,278,"6"
"369",26,2015-02-04,8.10914143933587,0.278349615115985,1526,"6"
"370",26,2015-02-05,13.8320555049022,0.887163019490799,1928,"6"
"371",27,2015-01-30,166.31178374626,9.26212431642398,32070,"6"
"372",27,2015-01-31,6.99030998563831,0.383656956291816,1038,"6"
"373",27,2015-02-01,5.16045173405109,0.236942825626102,1075,"6"
"374",27,2015-02-02,12.4686917816216,0.437588818794211,2120,"6"
"375",27,2015-02-03,6.1861474472189,0.2909027860469,1215,"6"
"376",27,2015-02-04,12.5631221845888,1.1044515720032,2317,"6"
"377",27,2015-02-05,6.9344422855047,0.495966281016081,1783,"6"
"378",28,2015-01-30,242.288966990156,15.44143100779,41670,"6"
"379",28,2015-01-31,8.61869215296247,0.759674973521214,1338,"6"
"380",28,2015-02-01,1.80247907494231,0.0823259440967377,431,"6"
"381",28,2015-02-02,8.78685718625093,0.633413443257268,1606,"6"
"382",28,2015-02-03,9.42165890162687,0.411647986599746,1698,"6"
"383",28,2015-02-04,11.1237339183654,0.885796028571349,2088,"6"
"384",28,2015-02-05,3.49772687056702,0.116771015431368,1020,"6"
"385",29,2015-01-30,149.654314418332,13.5364684870819,40414,"6"
"386",29,2015-01-31,16.8732601743932,0.624246064762701,5280,"6"
"387",29,2015-02-01,5.1977270650832,0.394476494600895,1114,"6"
"388",29,2015-02-02,5.98974490353521,0.210399459318069,2064,"6"
"389",29,2015-02-03,10.4954674720839,1.60438150226855,2450,"6"
"390",29,2015-02-04,2.096211960441,0.108909447227234,921,"6"
"391",29,2015-02-05,14.3029164899908,0.915705708569476,3332,"6"
"392",7,2015-01-30,131.222169296521,7.91984096678152,27668,"6"
"393",7,2015-01-31,3.02655888868139,0.217632271102957,790,"6"
"394",7,2015-02-01,4.84145907060974,0.182390754573134,1071,"6"
"395",7,2015-02-02,9.20495289065275,1.29809972035309,1555,"6"
"396",7,2015-02-03,1.74654701071904,0.0351993768899774,294,"6"
"397",7,2015-02-04,4.30196647656521,0.289191813042635,807,"6"
"398",7,2015-02-05,4.14150157048061,0.111387504447521,995,"6"
"399",9,2015-01-30,135.297299781988,11.5531078744389,26050,"6"
"400",9,2015-01-31,6.12556923569628,0.521917546928307,1319,"6"
"401",9,2015-02-01,9.7075104779251,1.94652150499587,1462,"6"
"402",9,2015-02-02,11.0068550861397,0.82355207974706,1928,"6"
"403",9,2015-02-03,6.74839948309091,0.338587975513292,1000,"6"
"404",9,2015-02-04,2.46851262213295,0.152647694038933,505,"6"
"405",9,2015-02-05,2.67553149152809,0.0837603097006649,645,"6"
"406",10,2015-01-30,6.21078794962341,0.357726711834403,1693,"7"
"407",10,2015-01-31,1.2855943587947,0.0520694492515759,420,"7"
"408",10,2015-02-01,2.55302604690678,0.169391129105861,932,"7"
"409",10,2015-02-02,5.27177235977069,0.494734509278715,1035,"7"
"410",10,2015-02-03,1.92190176170607,0.0673790003729664,480,"7"
"411",10,2015-02-04,5.87651233865381,0.259310739229477,1058,"7"
"412",10,2015-02-05,2.6203334672673,0.128233539502617,656,"7"
"413",10,2015-02-06,4.75419607866661,0.185347570710292,991,"7"
"414",11,2015-01-30,83.9645028526747,5.5686869444271,19856,"7"
"415",11,2015-01-31,1.92082793101508,0.0894707152438059,594,"7"
"416",11,2015-02-01,2.1737578039174,0.233806141062814,685,"7"
"417",11,2015-02-02,12.8902405711751,0.819356382205115,2585,"7"
"418",11,2015-02-03,5.75820241242764,0.477159291078351,858,"7"
"419",11,2015-02-04,7.41119838674877,0.62944636424254,1607,"7"
"420",11,2015-02-05,4.49530197740569,0.235498192920204,902,"7"
"421",11,2015-02-06,7.94280727275054,0.371809962774933,1707,"7"
"422",12,2015-01-30,137.992481613788,12.8748879373106,33048,"7"
"423",12,2015-01-31,2.46697813098308,0.379622551592547,660,"7"
"424",12,2015-02-01,2.75037285663529,0.329287252997347,785,"7"
"425",12,2015-02-02,2.68258472820344,0.166747590327759,891,"7"
"426",12,2015-02-03,2.23918069007505,0.0852310616173781,620,"7"
"427",12,2015-02-04,7.82195567362942,0.249018843998783,1994,"7"
"428",12,2015-02-05,8.27655787579624,1.57247651693251,1371,"7"
"429",12,2015-02-06,2.61533308554499,0.145189374342408,598,"7"
"430",13,2015-01-30,96.5589321370189,7.21258482096073,25497,"7"
"431",13,2015-01-31,7.90891844277485,0.132756014418192,1623,"7"
"432",13,2015-02-01,4.10858913755237,0.237766030354578,1097,"7"
"433",13,2015-02-02,4.5997607514937,0.816681273697213,1258,"7"
"434",13,2015-02-03,1.61348610641835,0.133083648126558,338,"7"
"435",13,2015-02-04,6.21217285056628,0.4135717457184,1521,"7"
"436",13,2015-02-05,6.00110499690254,0.157316808783435,1358,"7"
"437",13,2015-02-06,6.96863872105314,0.692312811592274,1931,"7"
"438",17,2015-01-30,34.8367987919846,3.59059264859843,7341,"7"
"439",17,2015-01-31,2.46164379553193,0.119581986275989,579,"7"
"440",17,2015-02-01,5.52219371979754,0.249139891615414,829,"7"
"441",17,2015-02-02,1.80227374552487,0.0693664568179884,380,"7"
"442",17,2015-02-03,8.58083405436173,0.376558232293064,1208,"7"
"443",17,2015-02-04,10.8686016180036,0.477041076159367,2088,"7"
"444",17,2015-02-05,6.08375044481909,0.6465667262637,1303,"7"
"445",17,2015-02-06,6.19886871569997,0.211731527848315,1417,"7"
"446",20,2015-01-30,705.745920413254,85.7229161966443,106780,"7"
"447",20,2015-01-31,6.25330617843974,0.629521995958385,1420,"7"
"448",20,2015-02-01,9.6157577485601,0.344121871596144,1577,"7"
"449",20,2015-02-02,9.68184208673119,2.0562028649083,1741,"7"
"450",20,2015-02-03,9.89402962310123,1.64529736593795,1416,"7"
"451",20,2015-02-04,31.3633517950184,3.75213039105711,3726,"7"
"452",20,2015-02-05,16.6039691726692,0.609369958322532,2202,"7"
"453",20,2015-02-06,13.1718595426701,2.80080543863096,2233,"7"
"454",21,2015-01-30,31.4915827434907,4.21567555155525,8991,"7"
"455",21,2015-01-31,0.958779069115735,0.243840389768593,376,"7"
"456",21,2015-02-01,3.31947642323212,0.445295594209711,701,"7"
"457",21,2015-02-02,2.34878611351451,0.292132042056437,659,"7"
"458",21,2015-02-03,12.0558636535734,0.771490967081263,3207,"7"
"459",21,2015-02-04,6.59286712511584,0.836757790643787,1466,"7"
"460",21,2015-02-05,0.843214088065906,0.260426057942823,367,"7"
"461",21,2015-02-06,0.897875117737385,0.244416428124168,352,"7"
"462",24,2015-01-30,95.8203511838792,4.523202136892,27198,"7"
"463",24,2015-01-31,10.174925078848,0.600340993654754,3685,"7"
"464",24,2015-02-01,2.53567309530808,0.0454498871968099,856,"7"
"465",24,2015-02-02,5.42592010501994,0.156392998960655,1802,"7"
"466",24,2015-02-03,1.21807603676007,0.162907240362983,540,"7"
"467",24,2015-02-04,10.2369942875948,0.461766180437735,1437,"7"
"468",24,2015-02-05,9.48752301576133,0.609967480810155,2764,"7"
"469",24,2015-02-06,12.5245416675662,0.382877556144194,3616,"7"
"470",25,2015-01-30,136.759080307424,8.08593054387075,44347,"7"
"471",25,2015-01-31,2.93396413489791,0.0862997068188633,1094,"7"
"472",25,2015-02-01,2.81844565676602,0.0876373040237013,623,"7"
"473",25,2015-02-02,9.9719485210826,1.02028459578742,2344,"7"
"474",25,2015-02-03,3.42944812696805,0.128397030828637,1057,"7"
"475",25,2015-02-04,5.29138165025688,0.177026036338248,1633,"7"
"476",25,2015-02-05,6.63305065152417,0.478408957470492,2243,"7"
"477",25,2015-02-06,8.30070054030239,0.2961609865024,3176,"7"
"478",26,2015-01-30,246.78923122119,18.1242262448213,45732,"7"
"479",26,2015-01-31,4.28197477606136,1.16408199117632,968,"7"
"480",26,2015-02-01,4.46979620890215,0.221024420957292,985,"7"
"481",26,2015-02-02,7.87470243055486,0.385250641626953,1451,"7"
"482",26,2015-02-03,0.844673278287701,0.0535668383981829,278,"7"
"483",26,2015-02-04,8.10914143933587,0.278349615115985,1526,"7"
"484",26,2015-02-05,13.8320555049022,0.887163019490799,1928,"7"
"485",26,2015-02-06,10.6908455346975,0.709582840618168,1844,"7"
"486",27,2015-01-30,115.462265595596,6.89397910779826,22527,"7"
"487",27,2015-01-31,6.99030998563831,0.383656956291816,1038,"7"
"488",27,2015-02-01,5.16045173405109,0.236942825626102,1075,"7"
"489",27,2015-02-02,12.4686917816216,0.437588818794211,2120,"7"
"490",27,2015-02-03,6.1861474472189,0.2909027860469,1215,"7"
"491",27,2015-02-04,12.5631221845888,1.1044515720032,2317,"7"
"492",27,2015-02-05,6.9344422855047,0.495966281016081,1783,"7"
"493",27,2015-02-06,7.15266635532771,0.375407745775192,1278,"7"
"494",28,2015-01-30,194.327557310431,12.5128012601263,33626,"7"
"495",28,2015-01-31,8.61869215296247,0.759674973521214,1338,"7"
"496",28,2015-02-01,1.80247907494231,0.0823259440967377,431,"7"
"497",28,2015-02-02,8.78685522404794,0.633412928278631,1605,"7"
"498",28,2015-02-03,9.42165890162687,0.411647986599746,1698,"7"
"499",28,2015-02-04,11.1237339183654,0.885796028571349,2088,"7"
"500",28,2015-02-05,3.49772687056702,0.116771015431368,1020,"7"
"501",28,2015-02-06,11.6729878424021,1.01070755776709,1636,"7"
"502",29,2015-01-30,98.946799281227,9.14207928850556,26903,"7"
"503",29,2015-01-31,16.8732601743932,0.624246064762701,5280,"7"
"504",29,2015-02-01,5.1977270650832,0.394476494600895,1114,"7"
"505",29,2015-02-02,5.98974490353521,0.210399459318069,2064,"7"
"506",29,2015-02-03,10.4954674720839,1.60438150226855,2450,"7"
"507",29,2015-02-04,2.06249410492273,0.107570020332787,909,"7"
"508",29,2015-02-05,14.3029164899908,0.915705708569476,3332,"7"
"509",29,2015-02-06,4.51870173581483,0.16746026425335,1127,"7"
"510",7,2015-01-30,92.5727702860231,5.38290037996921,20030,"7"
"511",7,2015-01-31,3.02655888868139,0.217632271102957,790,"7"
"512",7,2015-02-01,4.84145907060974,0.182390754573134,1071,"7"
"513",7,2015-02-02,9.20495289065275,1.29809972035309,1555,"7"
"514",7,2015-02-03,1.74654701071904,0.0351993768899774,294,"7"
"515",7,2015-02-04,4.30196647656521,0.289191813042635,807,"7"
"516",7,2015-02-05,4.14150157048061,0.111387504447521,995,"7"
"517",7,2015-02-06,5.77225386779628,0.294196949289471,1324,"7"
"518",9,2015-01-30,94.3301352970802,7.8910703110023,18241,"7"
"519",9,2015-01-31,6.12556923569628,0.521917546928307,1319,"7"
"520",9,2015-02-01,9.7075104779251,1.94652150499587,1462,"7"
"521",9,2015-02-02,11.0068550861397,0.82355207974706,1928,"7"
"522",9,2015-02-03,6.74839948309091,0.338587975513292,1000,"7"
"523",9,2015-02-04,2.46851262213295,0.152647694038933,505,"7"
"524",9,2015-02-05,2.67553149152809,0.0837603097006649,645,"7"
"525",9,2015-02-06,9.8399528140144,0.461412560831377,1631,"7"
"526",10,2015-01-30,0.00561212221509777,5.34685259481193e-05,14,"8"
"527",10,2015-01-31,0,0,1,"8"
"528",10,2015-02-01,0.0117243326731113,0.000203835952561349,5,"8"
"529",10,2015-02-02,0,0,1,"8"
"530",10,2015-02-03,0.0655148084615575,0.00948085375239316,48,"8"
"531",10,2015-02-04,0.508240284836575,0.0184438994037919,121,"8"
"532",10,2015-02-05,0.553505600229983,0.0336321778886486,199,"8"
"533",10,2015-02-06,1.32537616169793,0.104462906706431,333,"8"
"534",10,2015-02-07,0.86443490973943,0.0429722544258766,304,"8"
"535",11,2015-01-30,49.3375886589192,3.6927567144312,11978,"8"
"536",11,2015-01-31,1.92082793101508,0.0894707152438059,594,"8"
"537",11,2015-02-01,2.1737578039174,0.233806141062814,685,"8"
"538",11,2015-02-02,12.8902405711751,0.819356382205115,2585,"8"
"539",11,2015-02-03,5.75820241242764,0.477159291078351,858,"8"
"540",11,2015-02-04,7.41119838674877,0.62944636424254,1607,"8"
"541",11,2015-02-05,4.49530197740569,0.235498192920204,902,"8"
"542",11,2015-02-06,7.94280727275054,0.371809962774933,1707,"8"
"543",11,2015-02-07,1.99638379351563,0.120066243006477,596,"8"
"544",12,2015-01-30,137.992481613788,12.8748879373106,33048,"8"
"545",12,2015-01-31,2.46697813098308,0.379622551592547,660,"8"
"546",12,2015-02-01,2.75037285663529,0.329287252997347,785,"8"
"547",12,2015-02-02,2.68258472820344,0.166747590327759,891,"8"
"548",12,2015-02-03,2.23918069007505,0.0852310616173781,620,"8"
"549",12,2015-02-04,7.82195567362942,0.249018843998783,1994,"8"
"550",12,2015-02-05,8.27655787579624,1.57247651693251,1371,"8"
"551",12,2015-02-06,2.61533308554499,0.145189374342408,598,"8"
"552",12,2015-02-07,2.27882916952149,0.123943082873666,615,"8"
"553",13,2015-01-30,65.337369808025,5.28762492992337,17699,"8"
"554",13,2015-01-31,7.90891844277485,0.132756014418192,1623,"8"
"555",13,2015-02-01,4.10858913755237,0.237766030354578,1097,"8"
"556",13,2015-02-02,4.5997607514937,0.816681273697213,1258,"8"
"557",13,2015-02-03,1.61348610641835,0.133083648126558,338,"8"
"558",13,2015-02-04,6.21217285056628,0.4135717457184,1521,"8"
"559",13,2015-02-05,6.00110499690254,0.157316808783435,1358,"8"
"560",13,2015-02-06,6.96863872105314,0.692312811592274,1931,"8"
"561",13,2015-02-07,7.63779775836065,0.163751494358621,1598,"8"
"562",17,2015-01-30,2.42784595962257,0.229821583237936,677,"8"
"563",17,2015-01-31,1.12932910999825,0.0730890919367084,304,"8"
"564",17,2015-02-01,3.40345148352844,0.147406458429032,574,"8"
"565",17,2015-02-02,0.908035336561625,0.0444068314518518,277,"8"
"566",17,2015-02-03,6.62302658602675,0.322917574289932,982,"8"
"567",17,2015-02-04,8.46511805589216,0.41597084274872,1753,"8"
"568",17,2015-02-05,6.08375044481909,0.6465667262637,1302,"8"
"569",17,2015-02-06,6.19886871569997,0.211731527848315,1417,"8"
"570",17,2015-02-07,1.98385718711597,0.0898558680046335,496,"8"
"571",20,2015-01-30,705.745920413254,85.7229161966443,106780,"8"
"572",20,2015-01-31,6.25330617843974,0.629521995958385,1420,"8"
"573",20,2015-02-01,9.6157577485601,0.344121871596144,1577,"8"
"574",20,2015-02-02,9.68184208673119,2.0562028649083,1741,"8"
"575",20,2015-02-03,9.89402962310123,1.64529736593795,1416,"8"
"576",20,2015-02-04,31.3633517950184,3.75213039105711,3726,"8"
"577",20,2015-02-05,16.6039691726692,0.609369958322532,2202,"8"
"578",20,2015-02-06,13.1718595426701,2.80080543863096,2233,"8"
"579",20,2015-02-07,6.6240297501281,0.671274830514449,1438,"8"
"580",21,2015-01-30,5.74464004571109,1.27003602721197,2000,"8"
"581",21,2015-01-31,0.848823611066109,0.242891750442141,348,"8"
"582",21,2015-02-01,2.55490919956083,0.420448883960489,616,"8"
"583",21,2015-02-02,2.34878611351451,0.292132042056437,659,"8"
"584",21,2015-02-03,12.0558636535734,0.771490967081263,3207,"8"
"585",21,2015-02-04,6.59286712511584,0.836757790643787,1466,"8"
"586",21,2015-02-05,0.843214088065906,0.260426057942823,367,"8"
"587",21,2015-02-06,0.897875117737385,0.244416428124168,352,"8"
"588",21,2015-02-07,0.890935014145725,0.248010105418871,370,"8"
"589",24,2015-01-30,47.7334524853159,2.40792609376876,13530,"8"
"590",24,2015-01-31,10.174925078848,0.600340993654754,3685,"8"
"591",24,2015-02-01,2.53567309530808,0.0454498871968099,856,"8"
"592",24,2015-02-02,5.42592010501994,0.156392998960655,1802,"8"
"593",24,2015-02-03,1.21807603676007,0.162907240362983,540,"8"
"594",24,2015-02-04,10.2369942875948,0.461766180437735,1437,"8"
"595",24,2015-02-05,9.48752301576133,0.609967480810155,2764,"8"
"596",24,2015-02-06,12.5245416675662,0.382877556144194,3616,"8"
"597",24,2015-02-07,9.85520566153355,0.568363149376637,3601,"8"
"598",25,2015-01-30,105.640492282043,6.17819942599999,34560,"8"
"599",25,2015-01-31,2.93396413489791,0.0862997068188633,1094,"8"
"600",25,2015-02-01,2.81844565676602,0.0876373040237013,623,"8"
"601",25,2015-02-02,9.9719485210826,1.02028459578742,2344,"8"
"602",25,2015-02-03,3.42944812696805,0.128397030828637,1057,"8"
"603",25,2015-02-04,5.29138165025688,0.177026036338248,1633,"8"
"604",25,2015-02-05,6.63305065152417,0.478408957470492,2243,"8"
"605",25,2015-02-06,8.30070054030239,0.2961609865024,3176,"8"
"606",25,2015-02-07,3.07587310525469,0.0782464069288835,1064,"8"
"607",26,2015-01-30,219.215522396217,15.9199322609093,40612,"8"
"608",26,2015-01-31,4.28197477606136,1.16408199117632,968,"8"
"609",26,2015-02-01,4.46979620890215,0.221024420957292,985,"8"
"610",26,2015-02-02,7.87470243055486,0.385250641626953,1451,"8"
"611",26,2015-02-03,0.844673278287701,0.0535668383981829,278,"8"
"612",26,2015-02-04,8.10914143933587,0.278349615115985,1526,"8"
"613",26,2015-02-05,13.8320555049022,0.887163019490799,1928,"8"
"614",26,2015-02-06,10.6908455346975,0.709582840618168,1844,"8"
"615",26,2015-02-07,5.01139817968397,1.42013987218616,1123,"8"
"616",27,2015-01-30,63.0948971159751,4.07119707507718,12691,"8"
"617",27,2015-01-31,6.99030998563831,0.383656956291816,1038,"8"
"618",27,2015-02-01,5.16045173405109,0.236942825626102,1075,"8"
"619",27,2015-02-02,12.4686917816216,0.437588818794211,2120,"8"
"620",27,2015-02-03,6.1861474472189,0.2909027860469,1215,"8"
"621",27,2015-02-04,12.5631221845888,1.1044515720032,2317,"8"
"622",27,2015-02-05,6.9344422855047,0.495966281016081,1783,"8"
"623",27,2015-02-06,7.15266635532771,0.375407745775192,1278,"8"
"624",27,2015-02-07,6.97059629069099,0.354650336450504,1027,"8"
"625",28,2015-01-30,143.503376245569,9.51544119095615,25010,"8"
"626",28,2015-01-31,8.61869215296247,0.759674973521214,1338,"8"
"627",28,2015-02-01,1.80247907494231,0.0823259440967377,431,"8"
"628",28,2015-02-02,8.78685522404794,0.633412928278631,1605,"8"
"629",28,2015-02-03,9.42165890162687,0.411647986599746,1698,"8"
"630",28,2015-02-04,11.1237339183654,0.885796028571349,2088,"8"
"631",28,2015-02-05,3.49772687056702,0.116771015431368,1020,"8"
"632",28,2015-02-06,11.6729878424021,1.01070755776709,1636,"8"
"633",28,2015-02-07,5.69827368676033,0.331337267709387,1048,"8"
"634",29,2015-01-30,38.5206097507571,3.94782084264352,10918,"8"
"635",29,2015-01-31,16.8732601743932,0.624246064762701,5280,"8"
"636",29,2015-02-01,5.1977270650832,0.394476494600895,1114,"8"
"637",29,2015-02-02,5.98974490353521,0.210399459318069,2064,"8"
"638",29,2015-02-03,10.4954674720839,1.60438150226855,2450,"8"
"639",29,2015-02-04,2.0286220260823,0.106077498697232,897,"8"
"640",29,2015-02-05,14.3029164899908,0.915705708569476,3332,"8"
"641",29,2015-02-06,4.51870173581483,0.16746026425335,1127,"8"
"642",29,2015-02-07,17.114623279821,0.626780112659617,5315,"8"
"643",7,2015-01-30,56.6056255677731,3.59269146230054,12533,"8"
"644",7,2015-01-31,3.02655888868139,0.217632271102957,790,"8"
"645",7,2015-02-01,4.84145907060974,0.182390754573134,1071,"8"
"646",7,2015-02-02,9.20495289065275,1.29809972035309,1555,"8"
"647",7,2015-02-03,1.74654701071904,0.0351993768899774,294,"8"
"648",7,2015-02-04,4.30196647656521,0.289191813042635,807,"8"
"649",7,2015-02-05,4.14150157048061,0.111387504447521,995,"8"
"650",7,2015-02-06,5.77225386779628,0.294196949289471,1324,"8"
"651",7,2015-02-07,3.0559514266206,0.223119776984277,785,"8"
"652",9,2015-01-30,52.5250094727253,4.2708162549734,10323,"8"
"653",9,2015-01-31,6.12556923569628,0.521917546928307,1319,"8"
"654",9,2015-02-01,9.7075104779251,1.94652150499587,1462,"8"
"655",9,2015-02-02,11.0068550861397,0.82355207974706,1928,"8"
"656",9,2015-02-03,6.74839948309091,0.338587975513292,1000,"8"
"657",9,2015-02-04,2.46851262213295,0.152647694038933,505,"8"
"658",9,2015-02-05,2.67553149152809,0.0837603097006649,645,"8"
"659",9,2015-02-06,9.8399528140144,0.461412560831377,1631,"8"
"660",9,2015-02-07,6.5579785378568,0.519157782581715,1386,"8"
"661",11,2015-01-30,14.1330487948098,1.24117930344073,4011,"9"
"662",11,2015-01-31,1.81429216851575,0.0888499047268851,579,"9"
"663",11,2015-02-01,2.1737578039174,0.233806141062814,685,"9"
"664",11,2015-02-02,12.8902405711751,0.819356382205115,2585,"9"
"665",11,2015-02-03,5.75820241242764,0.477159291078351,858,"9"
"666",11,2015-02-04,7.41119838674877,0.62944636424254,1607,"9"
"667",11,2015-02-05,4.49530197740569,0.235498192920204,902,"9"
"668",11,2015-02-06,7.94280727275054,0.371809962774933,1707,"9"
"669",11,2015-02-07,1.99638379351563,0.120066243006477,596,"9"
"670",11,2015-02-08,1.99933894683272,0.236791255590106,680,"9"
"671",12,2015-01-30,137.992481613788,12.8748879373106,33048,"9"
"672",12,2015-01-31,2.46697813098308,0.379622551592547,660,"9"
"673",12,2015-02-01,2.75037285663529,0.329287252997347,785,"9"
"674",12,2015-02-02,2.68258472820344,0.166747590327759,891,"9"
"675",12,2015-02-03,2.23918069007505,0.0852310616173781,620,"9"
"676",12,2015-02-04,7.82195567362942,0.249018843998783,1994,"9"
"677",12,2015-02-05,8.27655787579624,1.57247651693251,1371,"9"
"678",12,2015-02-06,2.61533308554499,0.145189374342408,598,"9"
"679",12,2015-02-07,2.27882916952149,0.123943082873666,615,"9"
"680",12,2015-02-08,2.69090507189048,0.335998370173911,767,"9"
"681",13,2015-01-30,35.4149969984801,3.20218198613657,10119,"9"
"682",13,2015-01-31,7.90891844277485,0.132756014418192,1623,"9"
"683",13,2015-02-01,4.10858913755237,0.237766030354578,1097,"9"
"684",13,2015-02-02,4.5997607514937,0.816681273697213,1258,"9"
"685",13,2015-02-03,1.61348610641835,0.133083648126558,338,"9"
"686",13,2015-02-04,6.21217285056628,0.4135717457184,1521,"9"
"687",13,2015-02-05,6.00110499690254,0.157316808783435,1358,"9"
"688",13,2015-02-06,6.96863872105314,0.692312811592274,1931,"9"
"689",13,2015-02-07,7.63779775836065,0.163751494358621,1598,"9"
"690",13,2015-02-08,3.80255203329853,0.211015728625171,1026,"9"
"691",17,2015-01-31,0.00453424706120131,0.000164438038154913,2,"9"
"692",17,2015-02-01,0.00390550660995359,5.37148753210204e-06,1,"9"
"693",17,2015-02-05,0.171160106240677,0.0112621445932746,43,"9"
"694",17,2015-02-06,0.279677274829737,0.0170186246659796,95,"9"
"695",17,2015-02-07,0.286065445984605,0.0259131726443229,88,"9"
"696",17,2015-02-08,0.484227542648114,0.0210481140129559,117,"9"
"697",20,2015-01-30,705.745920413254,85.7229161966443,106780,"9"
"698",20,2015-01-31,6.25330617843974,0.629521995958385,1420,"9"
"699",20,2015-02-01,9.6157577485601,0.344121871596144,1577,"9"
"700",20,2015-02-02,9.68184208673119,2.0562028649083,1741,"9"
"701",20,2015-02-03,9.89402962310123,1.64529736593795,1416,"9"
"702",20,2015-02-04,31.3633517950184,3.75213039105711,3726,"9"
"703",20,2015-02-05,16.6039691726692,0.609369958322532,2202,"9"
"704",20,2015-02-06,13.1718595426701,2.80080543863096,2233,"9"
"705",20,2015-02-07,6.6240297501281,0.671274830514449,1438,"9"
"706",20,2015-02-08,8.56993021171365,0.259463147554925,1420,"9"
"707",21,2015-01-30,0,0,7,"9"
"708",21,2015-01-31,1.46437741932459e-08,1.46437741932459e-08,1,"9"
"709",21,2015-02-01,7.95048426880385e-05,7.06120317772729e-06,2,"9"
"710",21,2015-02-02,0.146806485916386,0.0387131642510212,90,"9"
"711",21,2015-02-03,1.67296225842529,0.307509485932314,599,"9"
"712",21,2015-02-04,1.88240818298164,0.412181512302595,581,"9"
"713",21,2015-02-05,0.758677347081175,0.259210098552103,332,"9"
"714",21,2015-02-06,0.760256999995363,0.243140166148805,325,"9"
"715",21,2015-02-07,0.763896166407903,0.246894239451649,340,"9"
"716",21,2015-02-08,2.44233079406877,0.415395260786681,608,"9"
"717",24,2015-01-30,8.01437435693788,0.436300933994971,2440,"9"
"718",24,2015-01-31,4.56867150815287,0.347831853507159,1902,"9"
"719",24,2015-02-01,1.34104816708077,0.03399656504007,533,"9"
"720",24,2015-02-02,3.0229232789552,0.113406175215459,1225,"9"
"721",24,2015-02-03,1.21807603676007,0.162907240362983,540,"9"
"722",24,2015-02-04,10.2369942875948,0.461766180437735,1437,"9"
"723",24,2015-02-05,9.48752301576133,0.609967480810155,2764,"9"
"724",24,2015-02-06,12.5245416675662,0.382877556144194,3616,"9"
"725",24,2015-02-07,9.85520566153355,0.568363149376637,3601,"9"
"726",24,2015-02-08,2.53757280044101,0.0474380811892843,849,"9"
"727",25,2015-01-30,72.3086761747618,4.31708484480441,24090,"9"
"728",25,2015-01-31,2.93396413489791,0.0862997068188633,1094,"9"
"729",25,2015-02-01,2.81844565676602,0.0876373040237013,623,"9"
"730",25,2015-02-02,9.9719485210826,1.02028459578742,2344,"9"
"731",25,2015-02-03,3.42944812696805,0.128397030828637,1057,"9"
"732",25,2015-02-04,5.29138165025688,0.177026036338248,1633,"9"
"733",25,2015-02-05,6.63305065152417,0.478408957470492,2243,"9"
"734",25,2015-02-06,8.30070054030239,0.2961609865024,3176,"9"
"735",25,2015-02-07,3.07587310525469,0.0782464069288835,1064,"9"
"736",25,2015-02-08,2.63973776442344,0.0724808036075046,581,"9"
"737",26,2015-01-30,180.628522198302,13.096908838771,33090,"9"
"738",26,2015-01-31,4.28197477606136,1.16408199117632,968,"9"
"739",26,2015-02-01,4.46979620890215,0.221024420957292,985,"9"
"740",26,2015-02-02,7.87470243055486,0.385250641626953,1451,"9"
"741",26,2015-02-03,0.844673278287701,0.0535668383981829,278,"9"
"742",26,2015-02-04,8.10914143933587,0.278349615115985,1526,"9"
"743",26,2015-02-05,13.8320555049022,0.887163019490799,1928,"9"
"744",26,2015-02-06,10.6908455346975,0.709582840618168,1844,"9"
"745",26,2015-02-07,5.01139817968397,1.42013987218616,1123,"9"
"746",26,2015-02-08,4.08061803854707,0.190257460840257,905,"9"
"747",27,2015-01-30,13.3459324820651,1.13744401431359,3202,"9"
"748",27,2015-01-31,5.33151103947785,0.334965301718512,837,"9"
"749",27,2015-02-01,4.81444813451526,0.222188585251388,1023,"9"
"750",27,2015-02-02,12.4686917816216,0.437588818794211,2120,"9"
"751",27,2015-02-03,6.1861474472189,0.2909027860469,1215,"9"
"752",27,2015-02-04,12.5631221845888,1.1044515720032,2317,"9"
"753",27,2015-02-05,6.9344422855047,0.495966281016081,1783,"9"
"754",27,2015-02-06,7.15266635532771,0.375407745775192,1278,"9"
"755",27,2015-02-07,6.97059629069099,0.354650336450504,1027,"9"
"756",27,2015-02-08,5.25355467738791,0.277757322335674,1084,"9"
"757",28,2015-01-30,94.4067939382949,6.40743285447934,16436,"9"
"758",28,2015-01-31,8.61869215296247,0.759674973521214,1338,"9"
"759",28,2015-02-01,1.80247907494231,0.0823259440967377,431,"9"
"760",28,2015-02-02,8.78685522404794,0.633412928278631,1605,"9"
"761",28,2015-02-03,9.42165890162687,0.411647986599746,1698,"9"
"762",28,2015-02-04,11.1237339183654,0.885796028571349,2088,"9"
"763",28,2015-02-05,3.49772687056702,0.116771015431368,1020,"9"
"764",28,2015-02-06,11.6729878424021,1.01070755776709,1636,"9"
"765",28,2015-02-07,5.69827368676033,0.331337267709387,1048,"9"
"766",28,2015-02-08,1.52051578036298,0.0633410428890784,354,"9"
"767",29,2015-01-30,1.28596830090737,0.0561235828217832,542,"9"
"768",29,2015-01-31,4.94188930515338,0.202567043565978,1639,"9"
"769",29,2015-02-01,1.10513789414745,0.143797648897817,404,"9"
"770",29,2015-02-02,2.49230527684904,0.116400323020571,1071,"9"
"771",29,2015-02-03,6.43268184047702,1.28254742836998,1744,"9"
"772",29,2015-02-04,1.75085247461357,0.0992414566198931,834,"9"
"773",29,2015-02-05,14.3029164899908,0.915705708569476,3332,"9"
"774",29,2015-02-06,4.51870173581483,0.16746026425335,1127,"9"
"775",29,2015-02-07,17.114623279821,0.626780112659617,5315,"9"
"776",29,2015-02-08,5.37901706886714,0.424024904647013,1177,"9"
"777",7,2015-01-30,19.6265980894814,1.13608370736074,4767,"9"
"778",7,2015-01-31,3.02137253205183,0.217410253610979,781,"9"
"779",7,2015-02-01,4.84145907060974,0.182390754573134,1071,"9"
"780",7,2015-02-02,9.20495289065275,1.29809972035309,1555,"9"
"781",7,2015-02-03,1.74654701071904,0.0351993768899774,294,"9"
"782",7,2015-02-04,4.30196647656521,0.289191813042635,807,"9"
"783",7,2015-02-05,4.14150157048061,0.111387504447521,995,"9"
"784",7,2015-02-06,5.77225386779628,0.294196949289471,1324,"9"
"785",7,2015-02-07,3.0559514266206,0.223119776984277,785,"9"
"786",7,2015-02-08,5.17908450774303,0.190324212469932,1088,"9"
"787",9,2015-01-30,13.2566567548274,0.752836452459633,2807,"9"
"788",9,2015-01-31,4.7497497561626,0.455244194436091,1064,"9"
"789",9,2015-02-01,9.7075104779251,1.94652150499587,1462,"9"
"790",9,2015-02-02,11.0068550861397,0.82355207974706,1928,"9"
"791",9,2015-02-03,6.74839948309091,0.338587975513292,1000,"9"
"792",9,2015-02-04,2.46851262213295,0.152647694038933,505,"9"
"793",9,2015-02-05,2.67553149152809,0.0837603097006649,645,"9"
"794",9,2015-02-06,9.8399528140144,0.461412560831377,1631,"9"
"795",9,2015-02-07,6.5579785378568,0.519157782581715,1386,"9"
"796",9,2015-02-08,6.7455059691265,1.75672530599513,1372,"9"
"797",11,2015-01-30,0.278558178011735,0.032058095872344,89,"10"
"798",11,2015-01-31,0.273026194522572,0.0412934760242933,136,"10"
"799",11,2015-02-01,0.583686918802414,0.09443090124023,231,"10"
"800",11,2015-02-02,4.68112424055198,0.358321007578525,1037,"10"
"801",11,2015-02-03,2.54225586044686,0.216778541344866,471,"10"
"802",11,2015-02-04,3.87304253705497,0.40386323155326,977,"10"
"803",11,2015-02-05,2.68198193217177,0.180862150581561,647,"10"
"804",11,2015-02-06,7.71792570101934,0.370804167359893,1684,"10"
"805",11,2015-02-07,1.99638379351563,0.120066243006477,596,"10"
"806",11,2015-02-08,1.99933894683272,0.236791255590106,680,"10"
"807",11,2015-02-09,10.8723270102009,0.663069227580309,2287,"10"
"808",12,2015-01-30,137.992481613788,12.8748879373106,33048,"10"
"809",12,2015-01-31,2.46697813098308,0.379622551592547,660,"10"
"810",12,2015-02-01,2.75037285663529,0.329287252997347,785,"10"
"811",12,2015-02-02,2.68258472820344,0.166747590327759,891,"10"
"812",12,2015-02-03,2.23918069007505,0.0852310616173781,620,"10"
"813",12,2015-02-04,7.82195567362942,0.249018843998783,1994,"10"
"814",12,2015-02-05,8.27655787579624,1.57247651693251,1371,"10"
"815",12,2015-02-06,2.61533308554499,0.145189374342408,598,"10"
"816",12,2015-02-07,2.27882916952149,0.123943082873666,615,"10"
"817",12,2015-02-08,2.69090507189048,0.335998370173911,767,"10"
"818",12,2015-02-09,2.70574626822145,0.181325279701923,890,"10"
"819",13,2015-01-30,6.79494136299945,0.938512934259052,2742,"10"
"820",13,2015-01-31,5.52245526328079,0.0996942041319926,1215,"10"
"821",13,2015-02-01,3.65401939818639,0.223669308352328,1033,"10"
"822",13,2015-02-02,4.5997607514937,0.816681273697213,1258,"10"
"823",13,2015-02-03,1.61348610641835,0.133083648126558,338,"10"
"824",13,2015-02-04,6.21217285056628,0.4135717457184,1521,"10"
"825",13,2015-02-05,6.00110499690254,0.157316808783435,1358,"10"
"826",13,2015-02-06,6.96863872105314,0.692312811592274,1931,"10"
"827",13,2015-02-07,7.63779775836065,0.163751494358621,1598,"10"
"828",13,2015-02-08,3.80255203329853,0.211015728625171,1026,"10"
"829",13,2015-02-09,3.98156964969803,0.508673023980009,1122,"10"
"830",17,2015-02-09,0,0,1,"10"
"831",20,2015-01-30,705.745920413254,85.7229161966443,106780,"10"
"832",20,2015-01-31,6.25330617843974,0.629521995958385,1420,"10"
"833",20,2015-02-01,9.6157577485601,0.344121871596144,1577,"10"
"834",20,2015-02-02,9.68184208673119,2.0562028649083,1741,"10"
"835",20,2015-02-03,9.89402962310123,1.64529736593795,1416,"10"
"836",20,2015-02-04,31.3633517950184,3.75213039105711,3726,"10"
"837",20,2015-02-05,16.6039691726692,0.609369958322532,2202,"10"
"838",20,2015-02-06,13.1718595426701,2.80080543863096,2233,"10"
"839",20,2015-02-07,6.6240297501281,0.671274830514449,1438,"10"
"840",20,2015-02-08,8.56993021171365,0.259463147554925,1420,"10"
"841",20,2015-02-09,9.91156108885207,1.9851830022053,1677,"10"
"842",24,2015-01-30,0,0,22,"10"
"843",24,2015-01-31,0,0,2,"10"
"844",24,2015-02-01,0,0,3,"10"
"845",24,2015-02-02,0.0523631327941985,0.00332271704155573,42,"10"
"846",24,2015-02-03,0.0673967027532854,0.0153427357727196,71,"10"
"847",24,2015-02-04,1.87082140501934,0.0923283511237969,338,"10"
"848",24,2015-02-05,2.81909514353447,0.240514905626696,912,"10"
"849",24,2015-02-06,4.74153357805426,0.185071535027419,1496,"10"
"850",24,2015-02-07,4.82935361454383,0.380729987213272,2039,"10"
"851",24,2015-02-08,1.49364459818844,0.0389779429142436,573,"10"
"852",24,2015-02-09,4.28292256467375,0.178195565098576,1516,"10"
"853",25,2015-01-30,41.078918456983,2.59398811032861,13999,"10"
"854",25,2015-01-31,2.93396413489791,0.0862997068188633,1094,"10"
"855",25,2015-02-01,2.81844565676602,0.0876373040237013,623,"10"
"856",25,2015-02-02,9.9719485210826,1.02028459578742,2344,"10"
"857",25,2015-02-03,3.42944812696805,0.128397030828637,1057,"10"
"858",25,2015-02-04,5.29138165025688,0.177026036338248,1633,"10"
"859",25,2015-02-05,6.63305065152417,0.478408957470492,2243,"10"
"860",25,2015-02-06,8.30070054030239,0.2961609865024,3176,"10"
"861",25,2015-02-07,3.07587310525469,0.0782464069288835,1064,"10"
"862",25,2015-02-08,2.63973776442344,0.0724808036075046,581,"10"
"863",25,2015-02-09,10.5077238912872,0.996906919093817,2365,"10"
"864",26,2015-01-30,137.844714628282,9.91186893410122,25307,"10"
"865",26,2015-01-31,4.28197477606136,1.16408199117632,968,"10"
"866",26,2015-02-01,4.46979620890215,0.221024420957292,985,"10"
"867",26,2015-02-02,7.87470243055486,0.385250641626953,1451,"10"
"868",26,2015-02-03,0.844673278287701,0.0535668383981829,278,"10"
"869",26,2015-02-04,8.10914143933587,0.278349615115985,1526,"10"
"870",26,2015-02-05,13.8320555049022,0.887163019490799,1928,"10"
"871",26,2015-02-06,10.6908455346975,0.709582840618168,1844,"10"
"872",26,2015-02-07,5.01139817968397,1.42013987218616,1123,"10"
"873",26,2015-02-08,4.08061803854707,0.190257460840257,905,"10"
"874",26,2015-02-09,7.897223232535,0.375824711445603,1439,"10"
"875",27,2015-01-30,0,0,14,"10"
"876",27,2015-01-31,0.0151319307879021,0.00121119275900128,8,"10"
"877",27,2015-02-01,0.375912743931622,0.0382385647335468,133,"10"
"878",27,2015-02-02,2.00988896799754,0.0791082399864536,375,"10"
"879",27,2015-02-03,1.32908910295737,0.0954853761941195,341,"10"
"880",27,2015-02-04,4.40601807444182,0.520680377650024,981,"10"
"881",27,2015-02-05,2.81871058238175,0.286131407495304,981,"10"
"882",27,2015-02-06,4.3759417502506,0.284930717304633,857,"10"
"883",27,2015-02-07,5.70455912713896,0.316925721799635,891,"10"
"884",27,2015-02-08,5.25355467738791,0.277757322335674,1084,"10"
"885",27,2015-02-09,11.9450366679048,0.351339839487991,2025,"10"
"886",28,2015-01-30,44.3115502831206,3.50875563357567,7867,"10"
"887",28,2015-01-31,8.53097647853792,0.751074007429452,1331,"10"
"888",28,2015-02-01,1.80247907494231,0.0823259440967377,431,"10"
"889",28,2015-02-02,8.78685522404794,0.633412928278631,1605,"10"
"890",28,2015-02-03,9.42165890162687,0.411647986599746,1698,"10"
"891",28,2015-02-04,11.1237339183654,0.885796028571349,2088,"10"
"892",28,2015-02-05,3.49772687056702,0.116771015431368,1020,"10"
"893",28,2015-02-06,11.6729878424021,1.01070755776709,1636,"10"
"894",28,2015-02-07,5.69827368676033,0.331337267709387,1048,"10"
"895",28,2015-02-08,1.52051578036298,0.0633410428890784,354,"10"
"896",28,2015-02-09,8.09369588683876,0.635683857332879,1437,"10"
"897",29,2015-01-30,0,0,2,"10"
"898",29,2015-02-01,0,0,2,"10"
"899",29,2015-02-02,0,0,2,"10"
"900",29,2015-02-03,0,0,7,"10"
"901",29,2015-02-04,0.0159753033176457,0.00256001876550727,25,"10"
"902",29,2015-02-05,0.416040111226721,0.0479297157235123,187,"10"
"903",29,2015-02-06,0.843125578528088,0.066658265883234,305,"10"
"904",29,2015-02-07,3.89589118247932,0.226233801625312,1319,"10"
"905",29,2015-02-08,1.17746708613686,0.18073780310533,450,"10"
"906",29,2015-02-09,2.38003165359714,0.122947218323134,1032,"10"
"907",7,2015-01-30,0.31946409786633,0.0153574560326888,111,"10"
"908",7,2015-01-31,0.374713315312874,0.0287280857428414,153,"10"
"909",7,2015-02-01,1.3583664789976,0.0579996531459983,330,"10"
"910",7,2015-02-02,2.87947632889518,0.289950325141945,540,"10"
"911",7,2015-02-03,0.693379845872187,0.016417731686488,160,"10"
"912",7,2015-02-04,2.19865563140957,0.224124838236094,493,"10"
"913",7,2015-02-05,2.31522866815885,0.0874646360734914,678,"10"
"914",7,2015-02-06,5.18788610926549,0.280652259434646,1248,"10"
"915",7,2015-02-07,3.0559514266206,0.223119776984277,785,"10"
"916",7,2015-02-08,5.17908450774303,0.190324212469932,1088,"10"
"917",7,2015-02-09,9.09177396628183,1.2317473807534,1526,"10"
"918",9,2015-01-30,0,0,7,"10"
"919",9,2015-01-31,0.136904632855476,0.0133522785099558,57,"10"
"920",9,2015-02-01,1.89589799906935,0.276055888197334,277,"10"
"921",9,2015-02-02,2.70839498544592,0.16753787361904,589,"10"
"922",9,2015-02-03,2.54032134179852,0.117551332951734,391,"10"
"923",9,2015-02-04,1.12115449019529,0.0850300087477081,275,"10"
"924",9,2015-02-05,1.39458577796267,0.0633550692600693,414,"10"
"925",9,2015-02-06,6.66113610597677,0.374563780401331,1199,"10"
"926",9,2015-02-07,5.44407557654631,0.455403181677866,1178,"10"
"927",9,2015-02-08,6.7455059691265,1.75672530599513,1372,"10"
"928",9,2015-02-09,10.1282721058806,0.70919713139665,1845,"10"
"929",11,2015-01-30,0,0,3,"11"
"930",11,2015-01-31,0,0,1,"11"
"931",11,2015-02-01,0,0,1,"11"
"932",11,2015-02-02,0,0,1,"11"
"933",11,2015-02-03,0,0,1,"11"
"934",11,2015-02-04,0,0,1,"11"
"935",11,2015-02-05,0.022787833273469,0.000175287479578401,5,"11"
"936",11,2015-02-06,0.295779260402924,0.0304343842753951,101,"11"
"937",11,2015-02-07,0.381614774531045,0.0565087625618617,147,"11"
"938",11,2015-02-08,0.464875925154047,0.0873027130519404,232,"11"
"939",11,2015-02-09,3.54631256067296,0.321783927782235,899,"11"
"940",11,2015-02-10,2.73405184511012,0.340770662964132,475,"11"
"941",12,2015-01-30,137.992481613788,12.8748879373106,33048,"11"
"942",12,2015-01-31,2.46697813098308,0.379622551592547,660,"11"
"943",12,2015-02-01,2.75037285663529,0.329287252997347,785,"11"
"944",12,2015-02-02,2.68258472820344,0.166747590327759,891,"11"
"945",12,2015-02-03,2.23918069007505,0.0852310616173781,620,"11"
"946",12,2015-02-04,7.82195567362942,0.249018843998783,1994,"11"
"947",12,2015-02-05,8.27655787579624,1.57247651693251,1371,"11"
"948",12,2015-02-06,2.61533308554499,0.145189374342408,598,"11"
"949",12,2015-02-07,2.27882916952149,0.123943082873666,615,"11"
"950",12,2015-02-08,2.69090507189048,0.335998370173911,767,"11"
"951",12,2015-02-09,2.70574626822145,0.181325279701923,890,"11"
"952",12,2015-02-10,2.21784304455196,0.0841299161811548,616,"11"
"953",13,2015-01-30,0,0,6,"11"
"954",13,2015-01-31,0.0655383434623218,0.0105534948133936,43,"11"
"955",13,2015-02-01,0.782955681388557,0.0825171987617068,236,"11"
"956",13,2015-02-02,0.878225506625313,0.0934419542008982,330,"11"
"957",13,2015-02-03,0.495995134422628,0.051632197149047,157,"11"
"958",13,2015-02-04,2.34289527344572,0.235671564008044,746,"11"
"959",13,2015-02-05,2.28201551104394,0.0951447883489891,782,"11"
"960",13,2015-02-06,3.24622174471551,0.554623625094791,1226,"11"
"961",13,2015-02-07,6.35862705518866,0.154358283631154,1395,"11"
"962",13,2015-02-08,3.80255203329853,0.211015728625171,1026,"11"
"963",13,2015-02-09,3.98156964969803,0.508673023980009,1122,"11"
"964",13,2015-02-10,1.49012189696896,0.134097566584387,329,"11"
"965",20,2015-01-30,705.745920413254,85.7229161966443,106780,"11"
"966",20,2015-01-31,6.25330617843974,0.629521995958385,1420,"11"
"967",20,2015-02-01,9.6157577485601,0.344121871596144,1577,"11"
"968",20,2015-02-02,9.68184208673119,2.0562028649083,1741,"11"
"969",20,2015-02-03,9.89402962310123,1.64529736593795,1416,"11"
"970",20,2015-02-04,31.3633517950184,3.75213039105711,3726,"11"
"971",20,2015-02-05,16.6039691726692,0.609369958322532,2202,"11"
"972",20,2015-02-06,13.1718595426701,2.80080543863096,2233,"11"
"973",20,2015-02-07,6.6240297501281,0.671274830514449,1438,"11"
"974",20,2015-02-08,8.56993021171365,0.259463147554925,1420,"11"
"975",20,2015-02-09,9.91156108885207,1.9851830022053,1677,"11"
"976",20,2015-02-10,9.19815896760792,1.16015050172336,1230,"11"
"977",25,2015-01-30,10.3640383306856,0.780593486469115,3919,"11"
"978",25,2015-01-31,0.92435132513765,0.065052595272391,643,"11"
"979",25,2015-02-01,2.7366652057799,0.0859850883116451,608,"11"
"980",25,2015-02-02,9.9719485210826,1.02028459578742,2344,"11"
"981",25,2015-02-03,3.42944812696805,0.128397030828637,1057,"11"
"982",25,2015-02-04,5.29138165025688,0.177026036338248,1633,"11"
"983",25,2015-02-05,6.63305065152417,0.478408957470492,2243,"11"
"984",25,2015-02-06,8.30070054030239,0.2961609865024,3176,"11"
"985",25,2015-02-07,3.07587310525469,0.0782464069288835,1064,"11"
"986",25,2015-02-08,2.63973776442344,0.0724808036075046,581,"11"
"987",25,2015-02-09,10.5077238912872,0.996906919093817,2365,"11"
"988",25,2015-02-10,3.36131195592043,0.128246514390412,1059,"11"
"989",26,2015-01-30,94.8735441969902,6.76108995186769,17682,"11"
"990",26,2015-01-31,4.28197477606136,1.16408199117632,968,"11"
"991",26,2015-02-01,4.46979620890215,0.221024420957292,985,"11"
"992",26,2015-02-02,7.87470243055486,0.385250641626953,1451,"11"
"993",26,2015-02-03,0.844673278287701,0.0535668383981829,278,"11"
"994",26,2015-02-04,8.10914143933587,0.278349615115985,1526,"11"
"995",26,2015-02-05,13.8320555049022,0.887163019490799,1928,"11"
"996",26,2015-02-06,10.6908455346975,0.709582840618168,1844,"11"
"997",26,2015-02-07,5.01139817968397,1.42013987218616,1123,"11"
"998",26,2015-02-08,4.08061803854707,0.190257460840257,905,"11"
"999",26,2015-02-09,7.897223232535,0.375824711445603,1439,"11"
"1000",26,2015-02-10,0.831545252283831,0.0546670810763317,296,"11"
"1001",27,2015-02-09,0.198163087592548,0.0173367393754233,48,"11"
"1002",27,2015-02-10,0.228519960324775,0.0192786263733069,91,"11"
"1003",28,2015-01-30,7.74878766238726,0.870038453432244,1287,"11"
"1004",28,2015-01-31,4.13924840344771,0.656238445813869,664,"11"
"1005",28,2015-02-01,0.759822716933741,0.046871308968548,280,"11"
"1006",28,2015-02-02,5.50185601590874,0.469162241461163,1146,"11"
"1007",28,2015-02-03,5.99325272532587,0.22805768766375,1255,"11"
"1008",28,2015-02-04,11.0682642990223,0.83455295787553,2072,"11"
"1009",28,2015-02-05,3.49772687056702,0.116771015431368,1020,"11"
"1010",28,2015-02-06,11.6729878424021,1.01070755776709,1636,"11"
"1011",28,2015-02-07,5.69827368676033,0.331337267709387,1048,"11"
"1012",28,2015-02-08,1.52051578036298,0.0633410428890784,354,"11"
"1013",28,2015-02-09,8.09369588683876,0.635683857332879,1437,"11"
"1014",28,2015-02-10,9.29671708981368,0.430703287878714,1662,"11"
"1015",7,2015-02-07,0.000893786607775837,1.5063216778799e-05,1,"11"
"1016",7,2015-02-08,0.230990411763742,0.0107095773037145,69,"11"
"1017",7,2015-02-09,0.664086156515623,0.0343173729252158,136,"11"
"1018",7,2015-02-10,0.186606270626726,0.00713295908008149,45,"11"
"1019",9,2015-01-30,0,0,1,"11"
"1020",9,2015-01-31,0,0,1,"11"
"1021",9,2015-02-02,0,0,1,"11"
"1022",9,2015-02-03,0,0,2,"11"
"1023",9,2015-02-04,0,0,1,"11"
"1024",9,2015-02-05,0,0,1,"11"
"1025",9,2015-02-07,0.168275006881231,0.0199686072546683,75,"11"
"1026",9,2015-02-08,0.548986794888151,0.0362391970447788,181,"11"
"1027",9,2015-02-09,2.31977046964494,0.151016901556432,516,"11"
"1028",9,2015-02-10,2.48820920292928,0.177296715900411,371,"11"
